RMSE,accuracy,spearman_corr,corr,R^2 score,feature,model
0.10444690051842899,0.8667384284176534,0.140669877302715,0.14372551877815024,0.020657024748048414,fundamental_only,XGB
0.10444690051842899,0.8667384284176534,0.140669877302715,0.14372551877815024,0.020657024748048414,fundamental_only,XGB
0.10735569616844297,0.8677840996463171,0.0804745808871335,0.05854539145852432,0.003427562861031852,return_only,XGB
0.10735569616844297,0.8677840996463171,0.0804745808871335,0.05854539145852432,0.003427562861031852,return_only,XGB
0.10546694567282135,0.8614485622020606,0.15375589453767166,0.14615883848859332,0.021362406068334706,technical_only,XGB
0.10546694567282135,0.8614485622020606,0.15375589453767166,0.14615883848859332,0.021362406068334706,technical_only,XGB
0.10450879959278696,0.8641550053821313,0.1590789445533505,0.15321464654947048,0.023474727917279167,fundamental+technical,XGB
0.10450879959278696,0.8641550053821313,0.1590789445533505,0.15321464654947048,0.023474727917279167,fundamental+technical,XGB
