RMSE,accuracy,spearman_corr,corr,R^2 score,feature,model
0.10521618651501465,0.8679378748270029,0.0022907065700745696,0.0004188788075936841,1.7545945545110663e-07,fundamental_only,XGB
0.10521618651501465,0.8679378748270029,0.0022907065700745696,0.0004188788075936841,1.7545945545110663e-07,fundamental_only,XGB
0.1049701200374094,0.8679378748270029,-0.036540079039176616,0.07739936200431648,0.005990661238675229,return_only,XGB
0.1049701200374094,0.8679378748270029,-0.036540079039176616,0.07739936200431648,0.005990661238675229,return_only,XGB
0.10494530575382224,0.8679378748270029,0.07519301348369302,0.07166394211104866,0.005135720598895734,technical_only,XGB
0.10494530575382224,0.8679378748270029,0.07519301348369302,0.07166394211104866,0.005135720598895734,technical_only,XGB
0.10494530575382224,0.8679378748270029,0.07519301348369302,0.07166394211104866,0.005135720598895734,fundamental+technical,XGB
0.10494530575382224,0.8679378748270029,0.07519301348369302,0.07166394211104866,0.005135720598895734,fundamental+technical,XGB
