RMSE,accuracy,spearman_corr,corr,R^2 score,feature,model
0.10373344039073157,0.8678763647547286,0.1548430528726581,0.16622150868168686,0.027629589948416102,fundamental_only,XGB
0.10373344039073157,0.8678763647547286,0.1548430528726581,0.16622150868168686,0.027629589948416102,fundamental_only,XGB
0.10579623216237777,0.8679378748270029,0.09330886092870364,0.07879186401618257,0.006208157835144606,return_only,XGB
0.10579623216237777,0.8679378748270029,0.09330886092870364,0.07879186401618257,0.006208157835144606,return_only,XGB
0.10431025514279599,0.8679071197908658,0.17070417297585871,0.15546689903390154,0.024169956695217334,technical_only,XGB
0.10431025514279599,0.8679071197908658,0.17070417297585871,0.15546689903390154,0.024169956695217334,technical_only,XGB
0.1033390832268157,0.8679378748270029,0.17020437225698307,0.15764136191341488,0.024850798985916252,fundamental+technical,XGB
0.1033390832268157,0.8679378748270029,0.17020437225698307,0.15764136191341488,0.024850798985916252,fundamental+technical,XGB
