RMSE,accuracy,spearman_corr,corr,R^2 score,feature,model
0.16490689338281528,0.8296478548362294,0.10432250676403171,0.18648765225067956,0.03477764444197039,fundamental_only,catboost
0.16490689338281528,0.8296478548362294,0.10432250676403171,0.18648765225067956,0.03477764444197039,fundamental_only,catboost
0.1636007277159424,0.8322927879440258,0.22205292775467583,0.2115465691834686,0.044751950933296064,return_only,catboost
0.1636007277159424,0.8322927879440258,0.22205292775467583,0.2115465691834686,0.044751950933296064,return_only,catboost
0.1608234025171124,0.8318007073658311,0.2545844311201395,0.2760986201028139,0.07623044802267795,technical_only,catboost
0.1608234025171124,0.8318007073658311,0.2545844311201395,0.2760986201028139,0.07623044802267795,technical_only,catboost
0.16077138131031263,0.8308780562817162,0.24670110234447487,0.2763214632407568,0.0763535510475129,fundamental+technical,catboost
0.16077138131031263,0.8308780562817162,0.24670110234447487,0.2763214632407568,0.0763535510475129,fundamental+technical,catboost
