RMSE,accuracy,spearman_corr,corr,R^2 score,feature,model
0.10502896615992162,0.8675073043210826,0.11776729432203017,0.14960984812376907,0.022383106655617248,fundamental_only,XGB
0.10502896615992162,0.8675073043210826,0.11776729432203017,0.14960984812376907,0.022383106655617248,fundamental_only,XGB
0.1045352936569533,0.8679378748270029,0.13281110798920284,0.13432721062161793,0.018043799513384504,return_only,XGB
0.1045352936569533,0.8679378748270029,0.13281110798920284,0.13432721062161793,0.018043799513384504,return_only,XGB
0.10426269414386548,0.8679378748270029,0.14239500116613035,0.13157026805290195,0.01731073543551247,technical_only,XGB
0.10426269414386548,0.8679378748270029,0.14239500116613035,0.13157026805290195,0.01731073543551247,technical_only,XGB
0.10406965022157154,0.8679378748270029,0.15380265540662336,0.14515772311406053,0.02107076457965826,fundamental+technical,XGB
0.10406965022157154,0.8679378748270029,0.15380265540662336,0.14515772311406053,0.02107076457965826,fundamental+technical,XGB
