RMSE,accuracy,spearman_corr,corr,R^2 score,feature,model
0.16584546316432916,0.8322927879440258,0.044633325366179685,0.13281097301694803,0.017638754553708495,fundamental_only,XGB
0.16584546316432916,0.8322927879440258,0.044633325366179685,0.13281097301694803,0.017638754553708495,fundamental_only,XGB
0.16698389888046125,0.8322927879440258,0.13795774711887845,0.12565779245190029,0.015789880803884847,return_only,XGB
0.16698389888046125,0.8322927879440258,0.13795774711887845,0.12565779245190029,0.015789880803884847,return_only,XGB
0.16272193894187725,0.8322927879440258,0.30574323087683875,0.29020185544763993,0.08421711690525291,technical_only,XGB
0.16272193894187725,0.8322927879440258,0.30574323087683875,0.29020185544763993,0.08421711690525291,technical_only,XGB
0.1624475891882668,0.8322927879440258,0.28533852368382523,0.2889426813381567,0.08348787309888357,fundamental+technical,XGB
0.1624475891882668,0.8322927879440258,0.28533852368382523,0.2889426813381567,0.08348787309888357,fundamental+technical,XGB
